id,first_name,last_name,level_of_service_purchased,lifetime_spend
1,Irma,McAvey,Basic,2255.24
2,Abby,Mellmoth,Basic,3922.75
3,Henri,Hulett,Cancelled,9917.18
4,Frieda,Sterzaker,Concierge,3804.51
5,Celle,Danielkiewicz,Basic,4106.92
6,Cristie,Hopewell,Basic,8287.23
7,Greg,Morin,Enhanced,2215.56
8,Amery,Sylett,Inactive,3814.01
9,Dar,Wyss,Enhanced,1478.14
10,Ralina,Gentry,Basic,366.25
11,Anatola,Pocknoll,Basic,5038.47
12,Bryn,Richfield,Cancelled,9538.41
13,Davine,Boddam,Basic,1174.6
14,Arly,Heys,Enhanced,6264.37
15,Elden,Spurge,Cancelled,452.27
16,Florencia,Guiness,Enhanced,6174.92
17,Clayson,Spottswood,Cancelled,9614.66
18,Rebeca,Gettins,Ultimate,2003.09
19,Geri,Leggott,Enhanced,7950.03
20,Lay,Poles,Basic,9465.29
21,Bethina,Piquard,Basic,8906.67
22,Yvor,Rate,Concierge,6444.78
23,Olivette,Slainey,Basic,7171.91
24,Alecia,Hunnybun,Basic,8013.95
25,Hope,Togwell,Basic,6143.2
26,Jarid,Peiser,Cancelled,7408.44
27,Birdie,Dabner,Unknown,720.74
28,Harmon,Pren,Basic,4621.29
29,Francklin,Graalmans,Cancelled,7886.48
30,Monique,Kildahl,Basic,3102.57
31,Shoshana,Gribble,Ultimate,8550.14
32,Gussi,Tynewell,Basic,2586.69
33,Adrienne,Lefwich,Enhanced,3131.06
34,Opal,Brosetti,Basic,6150.61
35,Dayle,Dible,Inactive,428.76
36,Averill,Hearons,Basic,2515.38
37,Kathye,Maylor,Basic,7819.97
38,Aristotle,Bezzant,Cancelled,3983.17
39,Harold,Criple,Unknown,2035.29
40,Rogerio,Dodridge,Basic,9517.53
41,Aila,Beals,Enhanced,701.74
42,Loralie,Luchelli,Unknown,2021.18
43,Arch,Urpeth,Enhanced,2290.49
44,Costa,Cahani,Basic,1835.8
45,Channa,Jesty,Cancelled,6850.54
46,Nadiya,Beynke,Basic,2980.52
47,Launce,Floch,Enhanced,214.31
48,Ivar,Fosberry,Basic,3389.63
49,Sawyer,Lindeboom,Enhanced,8515.36
50,Kayla,Lardner,Cancelled,9244.02
51,Caralie,Devigne,Basic,225.26
52,Florenza,Careless,Basic,8072.63
53,Dyanne,Rosenzwig,Cancelled,6890.87
54,Lucius,Grote,Enhanced,1589.35
55,Frederick,Gillebert,Unknown,1407.31
56,Roman,Bawdon,Cancelled,4264.69
57,Salomone,Bulled,Cancelled,4679.55
58,Brandea,Van Hove,Cancelled,7015.43
59,Carl,MacTrustey,Enhanced,9147.57
60,Taber,Surmeir,Enhanced,1622.22
61,Lexi,Giorgielli,Concierge,8105.51
62,Janaye,Goldup,Basic,6997.05
63,Ambrose,Syder,Cancelled,3166.54
64,Chiarra,Hasney,Enhanced,4851.46
65,Calvin,Saunter,Cancelled,7695.01
66,Lucius,Evenden,Unknown,1801.29
67,Kendal,Tutt,Enhanced,2418.47
68,Perry,Straun,Basic,1459.54
69,Daryn,Banghe,Basic,9747.42
70,Lyndell,Bouzek,Cancelled,2629.57
71,Toinette,Korf,Enhanced,3287.38
72,Oralie,Adamczyk,Unknown,3003.35
73,Richard,Smithies,Basic,7354.03
74,Helen,Lachaize,Concierge,6269.7
75,Vicky,De Lacey,Concierge,8726.52
76,Lindsy,Sysland,Concierge,4557.19
77,Merrick,Habert,Basic,8249.6
78,Merrielle,Axon,Enhanced,4362.92
79,Padgett,Pollitt,Unknown,2239.03
80,Colan,Dade,Enhanced,4066.1
81,Lilith,Wescott,Enhanced,3792.4
82,Alyse,Ambrus,Basic,1759.39
83,Yardley,Tozer,Basic,4432.24
84,Murielle,Yurivtsev,Basic,9423.91
85,Patrizia,Streader,Basic,2802.06
86,Austine,Killoran,Enhanced,1936.4
87,Michaella,Virr,Concierge,8061.61
88,Muffin,Clausen,Inactive,5653.09
89,Tabitha,Coombes,Basic,4508.52
90,Aldis,Tettersell,Concierge,3504.98
91,Dorothee,Hincks,Basic,9976.5
92,Roseanna,Ivkovic,Cancelled,4901.47
93,Engracia,Yerrington,Cancelled,7289.93
94,Sibeal,Robjents,Enhanced,9704.97
95,Whitby,Fincher,Basic,2232.86
96,Peter,Titterell,Cancelled,3992.89
97,Matthieu,Fiddiman,Cancelled,3113.24
98,Port,Pehrsson,Concierge,8759.74
99,Anallese,Tavener,Basic,5941.47
100,Alaster,Cottie,Basic,4383.18
101,Hercules,Sheen,Basic,5787.01
102,Levy,Selwyn,Enhanced,9949.52
103,Isaiah,Crowley,Basic,3230.65
104,Valerye,Grevile,Enhanced,473.86
105,Mada,Kurdani,Basic,5061.86
106,Ardine,O'Curran,Basic,5354.43
107,Janie,Donnel,Basic,6319.89
108,Kris,Hellikes,Basic,1070.54
109,Jenelle,Chisnell,Basic,5692.02
110,Kurtis,William,Enhanced,9230.62
111,Sean,Zappel,Basic,9595.18
112,Shelli,MacCroary,Basic,8699.9
113,Wald,Andrzejowski,Ultimate,4073.53
114,Honor,Jentges,Basic,4197.63
115,Alexandra,Maypes,Enhanced,5037.99
116,Dehlia,MacNish,Basic,517.61
117,Hakeem,Kennealy,Basic,2005.12
118,Nadia,MacMenamin,Basic,5733.69
119,Herrick,Paulon,Cancelled,1206.61
120,Worthy,Satford,Cancelled,9708.15
121,Elvyn,Dark,Basic,5475.24
122,Teddi,Duddle,Inactive,8074.92
123,Jory,Ranklin,Basic,2111.2
124,Lainey,Warre,Basic,3494.57
125,Farr,Persent,Basic,1161.31
126,Amalea,Klas,Inactive,1555.7
127,Arliene,Coveney,Cancelled,5398.66
128,Jody,McDavitt,Enhanced,2952.75
129,Darell,Pavelka,Cancelled,5382.75
130,Lynsey,Kiledal,Basic,5815.08
131,Rivy,Bowen,Basic,2298.85
132,Blondie,Dreossi,Cancelled,6733.7
133,Abigael,Sides,Concierge,5327.57
134,Vickie,Scanes,Basic,8873.72
135,Shermy,Whitwood,Basic,3425.32
136,Max,Reavell,Cancelled,5109.51
137,Matilde,Thurlbeck,Basic,8260.43
138,Dougy,Vaud,Basic,6332.92
139,Vaclav,Ambrosoli,Basic,5417.71
140,Calhoun,Waterson,Cancelled,5647.16
141,Lyndsie,Cheltnam,Basic,4813.95
142,Wilt,Antoniewicz,Basic,4359.39
143,Holden,Falla,Basic,1845.87
144,Baird,Atcheson,Enhanced,9585.9
145,Robin,Yong,Enhanced,4300.63
146,Leland,Jeandillou,Inactive,2376
147,Eddie,Cowx,Basic,5752.91
148,Adelind,Iacovino,Basic,9209.99
149,Susanne,Josephoff,Enhanced,9858.34
150,Franky,Gaule,Cancelled,5052.68
151,Kimmi,Brenston,Ultimate,1218.97
152,Nichole,Oguz,Basic,3030.27
153,Shannon,Guisby,Ultimate,1280.59
154,Mischa,Mowson,Basic,970.24
155,Alica,Cranch,Unknown,4101.25
156,Alon,Durnford,Cancelled,8483.91
157,Lucio,Wassung,Enhanced,5720.55
158,Rafaello,Eyckelberg,Ultimate,6611.71
159,Benedicto,Hearns,Cancelled,7022.34
160,Perla,Dumsday,Enhanced,7346.64
161,Juliet,Adhams,Concierge,774
162,Kean,Robatham,Ultimate,4523.73
163,Michal,Smallcombe,Cancelled,8707.33
164,Sabra,Fourman,Basic,5336.77
165,Corine,Clinch,Enhanced,8285.3
166,Sanders,O'Connel,Basic,2456.78
167,Cary,MacHoste,Enhanced,655.08
168,Adina,Sloey,Enhanced,3814.17
169,Byron,Prendergrast,Basic,7619.35
170,Philly,Manthroppe,Basic,2966.47
171,Ciel,Jeannard,Basic,4960.25
172,Evangeline,Duck,Enhanced,8877.69
173,Cass,Strowthers,Basic,4436.89
174,Reta,Hathorn,Basic,2042.54
175,Darby,McGahy,Enhanced,2492.82
176,Dale,MacArte,Cancelled,5392.32
177,Wileen,Fife,Basic,4727.51
178,Georgina,Proger,Enhanced,9875.11
179,Trey,Harg,Basic,8402.44
180,Daron,Putterill,Enhanced,4793.59
181,Merry,Files,Ultimate,4494.54
182,Jodee,Corrado,Enhanced,339.53
183,Bren,Seeney,Concierge,1244.49
184,Karil,Pettegre,Basic,6988.08
185,Susie,Keane,Basic,8665.68
186,Mia,Folca,Cancelled,7975.48
187,Early,Rollason,Cancelled,4213.95
188,Donetta,Delves,Unknown,8131.15
189,Tabina,Olliff,Cancelled,1543.98
190,Tatum,Joseland,Basic,2654.57
191,Kipp,Bohje,Cancelled,3891.41
192,Edwin,Abdie,Enhanced,4749.64
193,Jamie,Brownbill,Concierge,4904.31
194,Adeline,Flukes,Unknown,7712.35
195,Misha,Guitton,Basic,3767.38
196,Lou,Thoma,Basic,4904.72
197,Stillmann,Sarson,Enhanced,4965.5
198,Read,Tommen,Concierge,1762.42
199,Cassius,Gelardi,Concierge,7951.62
200,Cindra,Happert,Basic,2985.14
201,Juan,Coarser,Unknown,1296.46
202,Hailey,Bilofsky,Enhanced,3409.04
203,Dorothea,Bourrel,Basic,5243.49
204,Corena,Criple,Enhanced,9879.87
205,Joey,Cruden,Basic,1998.78
206,Hercules,Voaden,Inactive,3635.88
207,Frazer,Keningley,Concierge,3578.66
208,Kendall,Ference,Enhanced,3055.69
209,Nananne,Bathowe,Basic,511.67
210,Emmerich,Vogl,Basic,3331.05
211,Sharlene,Biggerstaff,Basic,9791.11
212,Marya,Scheu,Unknown,4772.09
213,Agretha,Dykes,Concierge,2936.82
214,Rogers,Justun,Basic,309
215,Hadleigh,Dowse,Enhanced,5742.15
216,Lek,McTiernan,Basic,1379.93
217,Stillman,Buttner,Basic,8878.52
218,Jilleen,Mailey,Basic,1082.98
219,Kirsteni,Stollenwerck,Basic,8632.31
220,Fernande,Vallentine,Enhanced,5442.98
221,Rachelle,Grealish,Basic,6613.07
222,Angelico,Bolderstone,Enhanced,4504.76
223,Gerladina,Aveyard,Basic,8016.75
224,Zack,Ebunoluwa,Unknown,9751.1
225,Ginni,Woodyeare,Basic,1228.49
226,Tom,Crumby,Unknown,639.26
227,Andrey,D'Elia,Cancelled,8529.44
228,Edward,Kitt,Basic,937.76
229,Deana,Medforth,Basic,2562.67
230,Merv,Chesney,Ultimate,4759.97
231,Barri,Downage,Basic,8090.5
232,Aundrea,Chancellor,Basic,490.25
233,Flint,Everex,Basic,4117.7
234,Wolf,Antonich,Enhanced,2438.15
235,Anatollo,Vasyukhnov,Enhanced,2751.85
236,Allyn,Barbara,Cancelled,3283.58
237,Carmen,Kelk,Enhanced,9680.1
238,Russ,Sabbatier,Inactive,3418.86
239,Winna,Pawels,Cancelled,3609.17
240,Imojean,Minnette,Concierge,5910.73
241,Mignonne,Kobelt,Cancelled,7616.37
242,Flem,Ramelot,Concierge,8415.18
243,Cathee,Pirazzi,Concierge,278.79
244,Davida,Buxton,Basic,2072.43
245,Romain,Sherar,Enhanced,7127.5
246,Jerrold,Linden,Cancelled,5330.68
247,Celina,Brolechan,Basic,4154.25
248,Klara,Harwin,Cancelled,7791.1
249,Mariya,Capnerhurst,Basic,2746.37
250,Glyn,Cauldfield,Cancelled,8565.58
251,Brigitte,Faraker,Cancelled,5171.95
252,Berty,MacSweeney,Unknown,787.8
253,Neddy,Hakeworth,Basic,7896.25
254,Laurence,Scarr,Enhanced,7698.44
255,Barney,Misson,Cancelled,5249.34
256,Filide,Commucci,Basic,1456.98
257,Fonzie,Downage,Enhanced,3427.35
258,Farica,Petruskevich,Basic,6051.85
259,Hilliary,Dawber,Enhanced,9626.1
260,Risa,Mees,Concierge,8777.63
261,Kahaleel,Kybert,Enhanced,9731.01
262,Heall,Abbys,Ultimate,6060.7
263,Britt,Lanceter,Basic,2079.14
264,Aldus,Roughey,Enhanced,3504.75
265,Chickie,O'Growgane,Basic,5445.84
266,Ajay,Bowers,Unknown,2126.14
267,Oby,Rabbatts,Basic,9237.01
268,Nicholas,Portwaine,Basic,5747.22
269,Sandie,Karet,Inactive,2222
270,Drusilla,De Blasiis,Basic,9558.76
271,Pammi,Ableson,Basic,2639.46
272,Roxanne,Braybrooks,Basic,6951.92
273,Allyn,Daverin,Basic,1699.39
274,Ame,Medmore,Basic,7203.91
275,Florri,De Gregorio,Concierge,6321.15
276,Cathyleen,Ganders,Enhanced,9534.5
277,Karol,Boutcher,Enhanced,8254.51
278,Johna,Gravells,Basic,7098.7
279,Enrico,Chubb,Cancelled,1848
280,Bartholomeo,Pillans,Concierge,4414.44
281,Linda,Kinnerk,Cancelled,2117.55
282,Nanon,Rennolds,Cancelled,8036.86
283,Tess,McGoon,Ultimate,8165.81
284,Coralyn,Danilyuk,Basic,9391.88
285,Rurik,Iacovino,Basic,7050.29
286,Sybille,Lawling,Basic,3204.44
287,Rosetta,Rentalll,Basic,2493.79
288,Carlene,Cawood,Basic,1149.66
289,Evangelina,Cushworth,Concierge,6537.45
290,Aristotle,Timeby,Basic,6388.58
291,Etheline,Walkey,Concierge,1028.42
292,Meggie,Mansbridge,Concierge,8413.76
293,Remus,Belasco,Basic,1372.61
294,Coriss,Dunsford,Basic,8095.22
295,Arel,Dutchburn,Cancelled,244.98
296,Grace,Pudsall,Concierge,7208.84
297,Giorgi,McPeeters,Basic,6651.58
298,Catriona,Jobbings,Basic,9465.88
299,Staci,Donaway,Concierge,7859.8
300,Ewan,Veryan,Enhanced,6140.73
301,Ernesta,Tregian,Cancelled,4008.99
302,Vinnie,Wauchope,Cancelled,8940.76
303,Lorianne,Godard,Inactive,3224.33
304,Letta,McGerr,Basic,6264.2
305,Billy,Struis,Basic,2265.87
306,Brittney,Persehouse,Ultimate,7022.26
307,Isaak,Mandres,Cancelled,2889.92
308,Adda,Benardet,Cancelled,1042.45
309,Ruthanne,Matczak,Basic,4271.13
310,Eal,Melby,Basic,8569.17
311,Julie,Matushevitz,Basic,3197.58
312,Eadith,Whiteford,Enhanced,3004.35
313,Francoise,McCrann,Enhanced,4309.25
314,Burch,Birchett,Cancelled,9801.06
315,Jessi,Walliker,Unknown,4795.53
316,Aeriel,Bernardini,Basic,4251.39
317,Kikelia,Cacacie,Basic,7291.55
318,Sonnie,Kleinhaut,Enhanced,2958.4
319,Avrit,Debrett,Enhanced,6162.61
320,Clarita,Bampkin,Basic,2447.74
321,Robenia,Longcaster,Cancelled,7401.04
322,Anastasie,Gentric,Enhanced,7203.27
323,Howard,Hunting,Basic,9735.66
324,Almire,Hayer,Enhanced,597.97
325,Layla,Jessard,Basic,1333.22
326,Madelina,Kelwick,Concierge,5436.34
327,Lin,Shreeve,Basic,1147.35
328,Andree,Portman,Basic,8750.76
329,Claudie,Kernoghan,Enhanced,8674.4
330,Samson,Truckell,Basic,6961.85
331,Hailee,Pierse,Basic,4443.61
332,Valera,Kelner,Cancelled,2716.61
333,Harry,Killough,Inactive,1158.51
334,Hayes,Hanley,Cancelled,2394.8
335,Patty,Proudlove,Basic,8492.7
336,Charlot,Delacroux,Concierge,9498.36
337,Wallis,Hold,Inactive,7924.66
338,Allis,Besantie,Basic,6641.74
339,Pacorro,Casacchia,Enhanced,1447.22
340,Lou,Reeves,Ultimate,9083.64
341,Valida,Seiler,Unknown,1636.71
342,Kasper,Canty,Enhanced,975.42
343,Donny,Rainard,Concierge,5655.98
344,Dalis,Blackmore,Enhanced,2569.8
345,Harold,Robuchon,Cancelled,7086.97
346,Phip,Caistor,Enhanced,2131.31
347,Clo,Askey,Basic,5830.62
348,Jessamyn,Bradder,Cancelled,8662.04
349,Janel,Gleasane,Basic,8970.13
350,Hillier,Biffen,Cancelled,3416.44
351,Burtie,Liepins,Inactive,9306.87
352,Norris,Hayden,Basic,3911.99
353,Ranna,De Caville,Concierge,4594.48
354,Stacy,Tieraney,Ultimate,7121.47
355,Issie,Clarabut,Basic,7039.88
356,Seana,Menichi,Basic,7960.19
357,Marguerite,Youson,Enhanced,7060.08
358,Tamqrah,Dust,Basic,5185.23
359,Teodora,Pessold,Enhanced,1266.4
360,Levy,Fowells,Cancelled,9807.49
361,Jamey,Voaden,Basic,578.81
362,Scot,Braunstein,Basic,8493.58
363,Jenine,Ratcliff,Basic,7349.69
364,Aurelia,Thieme,Enhanced,3806.38
365,Sayre,Gerardin,Ultimate,3286.93
366,Taryn,Crouch,Basic,2832.69
367,Cordula,McGilroy,Cancelled,5220.82
368,Seth,Lobb,Enhanced,4091.46
369,Patric,Matura,Enhanced,9627.53
370,Charita,O'Doogan,Basic,6988.21
371,Ardelle,Biford,Cancelled,9542.18
372,Fania,Tofanini,Concierge,8434.74
373,Rusty,People,Basic,9197.17
374,Vidovik,Friatt,Basic,7032.94
375,Ami,Thurske,Cancelled,8433.44
376,Vikki,Nasey,Basic,4511.27
377,Brit,Grayson,Basic,2909.77
378,Atalanta,Andras,Unknown,2676.44
379,Else,Konzel,Enhanced,4846.77
380,Shanda,Grieve,Unknown,4372.26
381,Mommy,Mewett,Enhanced,6094.91
382,Bee,Bautiste,Basic,9545.93
383,Noach,Swiffen,Inactive,8822.9
384,Jasen,Espley,Basic,4659.55
385,Obediah,Pentecust,Enhanced,3724.62
386,Ardeen,Rowes,Cancelled,7475.88
387,Anett,Amber,Basic,9550.07
388,Leonora,Spittles,Enhanced,6233.17
389,Jessika,Loseke,Concierge,4675
390,Mischa,Schollar,Cancelled,555.31
391,Yetty,Lewin,Concierge,6870.13
392,Callida,Hughes,Basic,8089.9
393,Leonard,Cowl,Enhanced,2829
394,Yettie,Marcum,Unknown,1823.87
395,Odella,Earwaker,Cancelled,4850.59
396,Tarra,Iban,Basic,4234.75
397,Allix,Pigny,Enhanced,4656.4
398,Georgianne,Ollander,Enhanced,5902.02
399,Benetta,Ferson,Cancelled,3402.59
400,Norman,Gummory,Concierge,7173.49
401,Brianne,Henken,Enhanced,8774.39
402,Tallia,Americi,Inactive,6714.5
403,Hunfredo,Kearle,Basic,7610.85
404,Beverlee,Danielsson,Basic,9046.03
405,Carley,Atchly,Enhanced,4473.77
406,Christophorus,Steffan,Ultimate,1749.96
407,Katherine,Dottridge,Inactive,4849.49
408,Dyana,Scarr,Basic,4466.04
409,Lanae,Hubbucks,Basic,9388.44
410,Josh,Bryan,Basic,396.33
411,Leslie,Roscher,Basic,2772.17
412,Daloris,Janusik,Enhanced,4072.67
413,Morly,Magenny,Basic,5470.58
414,Rina,Calendar,Basic,3183.67
415,Lothaire,Matteoli,Basic,6809.03
416,Lesley,Ruck,Basic,9949.85
417,Cortney,Reely,Basic,3913.51
418,Dino,De Giovanni,Basic,5458.18
419,Luciano,Gockeler,Basic,9534.56
420,Jordan,Selwin,Enhanced,1633.93
421,Mal,Cullum,Basic,8291.44
422,Berta,Fittes,Cancelled,8013.61
423,Leon,Biswell,Ultimate,9170.48
424,Cyril,Filchakov,Enhanced,6467.25
425,Cammi,Gloyens,Ultimate,4535.2
426,Shea,Callingham,Inactive,1245.87
427,Kittie,Lezemore,Basic,4731.13
428,Jorgan,Delamar,Inactive,1335.53
429,Wendel,Ramshaw,Ultimate,6675.75
430,Hetti,Bofield,Unknown,2395.06
431,Gannie,Bensley,Inactive,7191.68
432,Anna,Rummer,Basic,4473.85
433,Sigismondo,Churm,Basic,5705.51
434,Lisabeth,Veracruysse,Basic,1166.81
435,Kimberley,Kefford,Cancelled,9067.12
436,Jan,Mc Meekan,Basic,2676.71
437,Thedric,Jouning,Enhanced,7175.48
438,Alvira,Catenot,Basic,5946.23
439,Abbey,Neame,Basic,4665.94
440,Joly,Leeb,Enhanced,9217.35
441,Tobie,Carrabott,Enhanced,6539.45
442,Natalee,Eloi,Ultimate,3836.99
443,Clementius,Braffington,Basic,8468.13
444,Polly,Avery,Basic,4349.87
445,Orly,Baake,Enhanced,5395.96
446,Derward,Crinson,Basic,5187.94
447,Pieter,Bunhill,Basic,4625.71
448,Levi,Nurse,Enhanced,9676.52
449,Nessie,Dumphries,Inactive,1183.47
450,Jarred,Cockshut,Basic,4075.13
451,Alec,Yeeles,Concierge,3512.97
452,Wallis,Lisle,Basic,6183.28
453,Gail,Purselowe,Unknown,1741.7
454,Court,Vivian,Basic,5217.83
455,Carling,Delia,Enhanced,4034.28
456,Karlee,Look,Enhanced,2864.58
457,Erl,Wreak,Cancelled,5816.34
458,Solomon,Johnston,Basic,2267.95
459,Fiona,Rosingdall,Basic,2068.09
460,Irving,Hetterich,Basic,9080.24
461,Renault,McPhate,Unknown,6042.03
462,Susi,Gully,Unknown,2478.95
463,Hersh,Longwood,Basic,4398.43
464,Jeniece,Cresar,Concierge,887.84
465,Jessie,Gudgion,Enhanced,9679.12
466,Merissa,Osipenko,Basic,1094.3
467,Neel,Sproul,Ultimate,4764.97
468,Cody,Ferreri,Basic,4889.71
469,Dorise,Chanders,Basic,9607.64
470,Jermaine,Scryne,Concierge,7715.38
471,Danya,Bewsey,Enhanced,5203.9
472,Christoffer,Niset,Unknown,6951.36
473,Corella,Ekkel,Inactive,9890.69
474,Devora,Lycett,Cancelled,9853.41
475,Theadora,Gatfield,Unknown,9835.27
476,Svend,Search,Enhanced,4890.33
477,Brina,Schutter,Cancelled,5529.12
478,Elianora,Mayes,Enhanced,3180.99
479,Kirby,Pundy,Concierge,1983.3
480,Claudia,Walding,Basic,2526.35
481,Jorey,Hamnet,Ultimate,1749.17
482,Corenda,Leban,Basic,8087.21
483,Eran,Timmens,Enhanced,6059.06
484,Bale,Menary,Ultimate,7112.46
485,Herbert,Tort,Concierge,2609.8
486,Merwin,Dugdale,Basic,8978.92
487,Vonni,Cunliffe,Cancelled,8926.56
488,Marcile,Northcote,Inactive,9568.09
489,Kasey,Foddy,Concierge,206.62
490,Mariquilla,Mattaus,Basic,9132.42
491,Doug,Sanz,Unknown,3904.82
492,Ariel,Keaveny,Basic,6650.17
493,Esther,Tanby,Basic,1193.92
494,Elsworth,O'Bradden,Basic,2772.7
495,Krispin,Froggatt,Basic,8246.6
496,Tait,Sange,Basic,852.56
497,Nathanil,Rowson,Concierge,3663.61
498,Dianna,Thorwarth,Basic,2545.79
499,Dunstan,Van den Bosch,Basic,7934.48
500,Chicky,Canon,Inactive,3705.95
501,Liesa,Clifforth,Basic,5028.96
502,Harold,Peak,Basic,466.9
503,Casey,Boothe,Concierge,8854.41
504,Mariejeanne,Allsep,Basic,2095.26
505,Natal,Ivannikov,Enhanced,1406.75
506,Lee,Fenich,Basic,4055.84
507,Orelle,Stockdale,Unknown,9833.58
508,Cesya,Zupo,Basic,7739.8
509,Zabrina,Ends,Basic,9532.13
510,Damaris,Gracewood,Enhanced,9432.16
511,Charlotta,Nodes,Basic,688.38
512,Brad,Jiricka,Enhanced,9121.91
513,Gerik,Elster,Ultimate,3024.45
514,Devlin,Gaiford,Basic,2861.87
515,Bernadine,Dashkov,Basic,9696.49
516,Fancie,Spriggin,Concierge,8769.75
517,Phaedra,Maypother,Enhanced,8279.61
518,Enrico,Fendt,Ultimate,3994.43
519,Carolin,Sponer,Basic,4128.7
520,Oates,Hryncewicz,Basic,8934.02
521,Nicky,Smieton,Concierge,4767.65
522,Thaxter,Vuitton,Enhanced,781.61
523,Aime,Guidotti,Concierge,1816.99
524,Andy,Waller,Basic,4134.89
525,Druci,Digman,Unknown,6927.29
526,Sigmund,Appleton,Basic,6348.78
527,Thomas,Ruprecht,Basic,5363.01
528,Addison,Caseri,Basic,4014.45
529,Saree,Dobbins,Enhanced,6851.07
530,Ulla,Connor,Enhanced,6052.35
531,Fritz,Southey,Enhanced,2549.3
532,Saunder,Sumbler,Basic,2709.53
533,Delcina,Arsey,Basic,337.97
534,Minerva,Arington,Basic,2663.17
535,Adel,Guinnane,Concierge,5726.84
536,Dniren,Tolle,Concierge,1577.47
537,Jephthah,Lackie,Basic,4510.47
538,Georgie,Gipps,Inactive,6650.18
539,Ortensia,Cranch,Enhanced,3166
540,Astrid,Currom,Basic,8052.73
541,Koo,McLarnon,Cancelled,5650.88
542,Fayette,Sowman,Concierge,6346.85
543,Garrott,Kent,Basic,3021.3
544,Trixie,McIlmurray,Concierge,5709.51
545,Welbie,Queyos,Ultimate,3343.38
546,Mersey,Thunnercliff,Cancelled,7248.17
547,Bernie,Buesden,Enhanced,2850.8
548,Leontyne,Orsi,Inactive,7222.56
549,Kit,Luca,Concierge,5765.47
550,Tabbatha,Marriage,Basic,9835.42
551,Tan,Maddams,Basic,3788.97
552,Lane,Ruddock,Cancelled,3146.83
553,Bel,Philips,Enhanced,6093.67
554,Arty,Bandt,Cancelled,4106.16
555,Myrta,Swainger,Basic,8382.58
556,Rochella,Chapelhow,Basic,509.08
557,Torin,Clemente,Cancelled,8292.2
558,Eliza,Cicculini,Concierge,3125.24
559,Dona,Sheryn,Enhanced,6887.83
560,Cassandre,Hele,Enhanced,1086.59
561,Benedicta,Rotlauf,Enhanced,2932.25
562,Nedda,Greeveson,Cancelled,8879.66
563,Quintilla,Mattaus,Inactive,2439.99
564,Alexina,Dudden,Inactive,6199.23
565,Marty,Handaside,Concierge,6378.48
566,Raye,Embleton,Enhanced,7778.06
567,Dniren,Fowlds,Enhanced,7264.34
568,Ann,Worsell,Basic,4700.09
569,Gilli,Copnall,Concierge,8246.69
570,Aaren,Bitten,Basic,1762.46
571,Joell,Benettini,Enhanced,6532.93
572,Monty,Arnal,Concierge,4574.39
573,Jerrylee,Dwight,Enhanced,4424.93
574,Darcy,Coltart,Basic,5274.93
575,Mirna,Earland,Cancelled,6084.05
576,Ferdinanda,Dechelle,Unknown,5101.92
577,Cy,Vautre,Basic,1453.31
578,Romonda,Arthars,Inactive,1519.68
579,Millisent,Gyngyll,Cancelled,7457.75
580,Stanford,Wippermann,Inactive,1438.6
581,Stoddard,Secret,Enhanced,2926.75
582,Clair,Bleackly,Ultimate,3209.33
583,Bathsheba,Vondrasek,Basic,9695.64
584,Obie,Abramov,Cancelled,272.54
585,Gabriello,Ranstead,Unknown,5796.78
586,Jon,Carlill,Unknown,5179.52
587,Kaitlyn,Monier,Concierge,5177.51
588,Corena,Greedyer,Basic,3521.69
589,Malva,Adrianello,Basic,2082.65
590,Tommy,Vasenin,Unknown,5548.07
591,Rancell,Gentle,Basic,9723.82
592,Amandy,Fordy,Basic,5839.77
593,Pryce,Gumey,Basic,4455.68
594,Joy,Ferreres,Inactive,9477.46
595,Bobbette,Everson,Enhanced,5359.65
596,Ursulina,Rozet,Ultimate,5396.02
597,Waylon,Booy,Basic,3991.71
598,Marissa,Moneypenny,Enhanced,5285.24
599,Bobbie,Causby,Concierge,811.36
600,Erwin,Brockwell,Cancelled,7179.39
601,Latrena,Sambiedge,Ultimate,1840.31
602,Cchaddie,Daulby,Enhanced,3557.26
603,Cindra,Maginot,Basic,4321.86
604,Shawn,Habin,Basic,2064.83
605,Wang,Riteley,Concierge,8559.3
606,Lek,Charleston,Basic,2877.25
607,Ivonne,Kemme,Ultimate,1945.83
608,Cass,Ferryn,Enhanced,4528.72
609,Anne,Pifford,Unknown,5021.84
610,Teodoor,Capponer,Basic,1207
611,Rayshell,Moreing,Basic,9505.4
612,Karla,Rumney,Basic,5159.71
613,Judon,Klehn,Basic,6110.19
614,Augusto,List,Concierge,3491.99
615,Shane,Stocks,Enhanced,9203.73
616,Cicily,Cordelet,Enhanced,9979.85
617,Delcina,Battrick,Enhanced,8861.33
618,Alvis,Philpin,Concierge,2692.87
619,Filmore,Learned,Concierge,2049.45
620,Bucky,Marwood,Basic,3116.68
621,Jude,Julian,Cancelled,9668.02
622,Margarita,Lickorish,Concierge,9741.19
623,Kaiser,O'Siaghail,Enhanced,8626.09
624,Brendin,Adrian,Inactive,6677.29
625,Ezra,Cattrall,Enhanced,7714.28
626,Othella,Frugier,Concierge,690.37
627,Linette,Hoyland,Cancelled,3126.57
628,Ambrose,Epdell,Basic,8854.51
629,Mattie,Van der Beek,Inactive,2459.95
630,Ashleigh,Leupold,Basic,4963.14
631,Kariotta,Everit,Basic,4130.24
632,Livvyy,Simonyi,Inactive,5204.19
633,Henrietta,Cattell,Concierge,1034.04
634,Fonsie,Brolly,Cancelled,8309.21
635,Brier,Conant,Basic,4341.85
636,Bryant,Flooks,Cancelled,237.46
637,Reyna,Yedy,Inactive,1060.47
638,Lorry,Seiler,Basic,5180.24
639,Terese,Mahaddie,Ultimate,2966.15
640,Daria,Orrice,Enhanced,439.4
641,Tanny,McKimmey,Ultimate,2660.17
642,Briggs,Warden,Basic,4189.59
643,Bethena,Beetham,Basic,5873.46
644,Emlynn,Baxstar,Enhanced,2988.31
645,Cathryn,Faustin,Basic,1984.07
646,Terrell,Nockalls,Concierge,7974.73
647,Ana,Stringman,Basic,5761.7
648,Anet,Kesey,Concierge,2439.38
649,Gretna,Laurens,Basic,4239.36
650,Reinald,Picopp,Concierge,1577.52
651,Adina,Peschka,Basic,1604.68
652,Frederik,Goodhall,Basic,8780.18
653,Roselia,Minty,Enhanced,4644.82
654,Nikola,Ness,Enhanced,1734.33
655,Jereme,Studdal,Basic,2777.86
656,Fred,Troker,Enhanced,4050.71
657,Godfree,Trippitt,Basic,1008.3
658,Codee,Martinolli,Cancelled,7434.51
659,Dalli,Hucquart,Cancelled,8093.18
660,Weider,Bauldry,Basic,7778.03
661,Billy,Corneljes,Basic,9234.92
662,Sanderson,Stripp,Basic,4444.06
663,Carmen,Roxbee,Enhanced,4365.58
664,Corrine,Pudsey,Basic,4515.84
665,Eugine,Croux,Basic,8074.15
666,Yurik,Carek,Enhanced,8575.58
667,Torrance,Dallan,Enhanced,1555.15
668,Drucy,Rigler,Enhanced,7411.92
669,Sybil,Waddingham,Enhanced,8428.03
670,Marika,Ventom,Basic,2622.55
671,Guglielma,Bridewell,Enhanced,8798.53
672,Gifford,Jeandet,Enhanced,2948.73
673,Sylas,Gillogley,Ultimate,5905.78
674,Warden,Rabley,Basic,1860.49
675,Torey,Mainson,Enhanced,7190.21
676,Petey,Campelli,Cancelled,7485.51
677,Neile,Oswal,Concierge,3318.68
678,Curran,Offen,Basic,8869.36
679,Kinsley,Hadny,Ultimate,9350.65
680,Minerva,Preddle,Basic,2553.68
681,Agosto,Tapner,Ultimate,6419.66
682,Magdalen,Merigeau,Unknown,1453.6
683,Berry,Ivashkov,Enhanced,6080.25
684,Findlay,Neggrini,Basic,2624.3
685,Astrix,Dugald,Enhanced,5797.28
686,Crystal,Dalzell,Basic,3491.51
687,Kary,Juleff,Ultimate,5338.29
688,Tammy,Zoren,Basic,5948.35
689,Booth,Papes,Basic,6153.69
690,Lezley,Esland,Concierge,9880.31
691,Ezequiel,Goodbur,Cancelled,3912.04
692,Bea,Twentyman,Basic,596.59
693,Barry,Deplacido,Enhanced,7853.54
694,Raoul,Mines,Basic,2930.42
695,Consalve,Addy,Basic,210.76
696,Abramo,Jacomb,Basic,2817.44
697,Cristen,O'Grady,Basic,7044.7
698,Cara,Ballendine,Concierge,7852.7
699,Carol,Chatenet,Ultimate,5865.88
700,Coral,Mowson,Enhanced,6520.28
701,Dulcy,McCuthais,Basic,9719.28
702,Wallace,Lillecrop,Cancelled,5800.75
703,Dorothea,Jenne,Cancelled,2988.55
704,Gary,Djurisic,Basic,3350.01
705,Nickolaus,Kornacki,Basic,8204.28
706,Annelise,Shardlow,Basic,8653.79
707,Elene,Moneti,Cancelled,687.2
708,Steffie,Bracegirdle,Concierge,1847.85
709,Pincus,Urpeth,Cancelled,6824.5
710,Blinnie,McCambrois,Basic,9410.91
711,Loren,Gard,Basic,9053.16
712,Kassandra,McAuley,Ultimate,4914.66
713,Ashely,Payley,Enhanced,2021.03
714,Rennie,Scurfield,Basic,675.81
715,Jethro,Benjefield,Unknown,9697.94
716,Major,Blackie,Cancelled,265.76
717,Jany,Pead,Enhanced,3690.81
718,Jermaine,Trigwell,Concierge,3563.04
719,Latrena,Cranfield,Cancelled,6103.57
720,Willow,Parrott,Enhanced,2558.64
721,Georgia,Reucastle,Cancelled,2798.89
722,Bria,Castillon,Basic,2460.01
723,Bert,Yakushkev,Basic,6246.75
724,Marillin,Varden,Basic,7711.96
725,Lorry,Bewshaw,Unknown,6718.47
726,Fletcher,Josefovic,Basic,5759.02
727,Pete,Yerlett,Basic,8330.64
728,Jessica,Maccraw,Basic,9698.46
729,Herschel,Moncarr,Basic,7037.42
730,Floria,Parslow,Inactive,6057.38
731,Raynor,Kauschke,Enhanced,5461.54
732,Jacquette,Pevreal,Basic,7739.38
733,Nat,Rubenfeld,Basic,8071.95
734,Una,Gisbey,Ultimate,6002.06
735,Web,Davall,Basic,1084.7
736,Sibley,Shaves,Basic,3010.24
737,Thia,Bearn,Basic,5964.92
738,Verge,Barukh,Ultimate,3791.13
739,Raphael,Twopenny,Basic,3170.9
740,Kirsteni,Serridge,Basic,3506.2
741,Myrlene,Klimkovich,Cancelled,773.26
742,Antoni,Hook,Unknown,572.88
743,Nelia,Copner,Enhanced,3301.14
744,Maitilde,Milkins,Basic,4926.63
745,Ofella,Artis,Enhanced,3911.79
746,Hobey,Benneton,Concierge,4899.11
747,Donia,Collingham,Basic,9980.7
748,Salomone,Baldacchi,Concierge,9499.76
749,Vale,Powderham,Inactive,2430.27
750,Rochelle,Robken,Unknown,9247.97
751,Abbott,Duffer,Unknown,4373.24
752,Michell,Tuite,Basic,8335.54
753,Daryl,Shinfield,Enhanced,5458.71
754,Elmer,Blinckhorne,Concierge,5228.97
755,Caprice,Horwell,Basic,714.55
756,Keenan,Fletham,Basic,4357.39
757,Ingaberg,Shepperd,Enhanced,6556.32
758,Augie,Laybourne,Enhanced,9612.09
759,Kara,Tukesby,Unknown,9258.29
760,Netta,Frankcom,Cancelled,5306.55
761,Rustin,Janssens,Enhanced,5734.52
762,Nicholle,Morecombe,Concierge,5362.31
763,Walden,Rubica,Basic,6500.45
764,Saba,Branch,Concierge,457.13
765,Kaye,Emson,Ultimate,4461.76
766,Giffy,Cornthwaite,Ultimate,9392.63
767,Terrye,Emlin,Enhanced,875.17
768,Gavin,Stolte,Cancelled,8948.3
769,Fernandina,Chue,Enhanced,7048.43
770,Cyrille,Lemasney,Basic,6108.08
771,Ricoriki,de Guerre,Ultimate,5978.68
772,Gonzales,Gothrup,Basic,8542.47
773,Julian,Bethune,Basic,7122.69
774,Veradis,Lodin,Enhanced,4532.84
775,Inger,Skein,Basic,8615.52
776,Loreen,Batty,Basic,9544.89
777,Byrann,Lampaert,Enhanced,3018.62
778,Ginny,Dimitriev,Basic,1721.28
779,Piper,Wittman,Basic,3357.8
780,Eli,Errichelli,Unknown,6445.59
781,Weidar,Hurn,Enhanced,2972.32
782,Paddy,Ransbury,Basic,4239.79
783,Vittorio,O'Shesnan,Basic,2699.3
784,Chaddie,Rysom,Enhanced,2313.45
785,Hubert,Pulley,Ultimate,264.87
786,Arlin,Hargey,Concierge,2162.88
787,Kathy,Coleiro,Enhanced,9671.53
788,Kinna,Klarzynski,Basic,4069.51
789,Keelia,Standell,Basic,1704.95
790,Marthena,Noor,Cancelled,5640.18
791,Joby,Michelmore,Concierge,1691.44
792,Rebekkah,Shower,Basic,1897.13
793,Allyce,Sharpus,Enhanced,1475.7
794,Perla,Baughen,Concierge,4199.04
795,Bob,Malinowski,Unknown,8866.65
796,Gunar,Sullens,Cancelled,4809.01
797,Erek,Caldecutt,Basic,7738.69
798,Jany,Staig,Enhanced,1302.15
799,Nat,Stobbes,Basic,9335.08
800,Margette,Nealey,Enhanced,382.62
801,Kania,Gaber,Basic,6704.88
802,Lynea,Wilmot,Basic,3089.33
803,Hussein,Cawkwell,Inactive,7962.38
804,Ferdinanda,Staddart,Basic,726.24
805,Marlena,Lomasney,Enhanced,8213.4
806,Murdock,MacFarlan,Cancelled,8653.22
807,Bradney,Ingre,Cancelled,3111.3
808,Auberta,Gellan,Cancelled,4876.4
809,Laurel,Gomersall,Concierge,5688.81
810,Roselin,Wanjek,Ultimate,2468.55
811,Renelle,Tunney,Basic,6628.84
812,Paula,Rozet,Enhanced,4985.3
813,Philly,Gotobed,Basic,8387.21
814,Lana,Schimoni,Basic,8920.11
815,Ambur,Baniard,Basic,6716.23
816,Kelbee,O'Doohaine,Cancelled,3696.65
817,Krista,Yantsev,Basic,312.31
818,Anna,Proby,Basic,9943.88
819,Daniel,Holcroft,Basic,1565.79
820,Carlyn,Udell,Basic,7479.21
821,Krystyna,Ruslen,Basic,7742.4
822,Moises,Velez,Enhanced,4254.24
823,Caldwell,McLemon,Concierge,8741.39
824,Eloise,Hanna,Concierge,3761.64
825,Art,Teeney,Basic,5462.63
826,Eddi,Burchell,Enhanced,2787.95
827,Wendi,Frain,Basic,3904.44
828,Archibold,Alvin,Basic,7520.92
829,Florella,Brownsword,Basic,8587.89
830,Zaria,Buswell,Inactive,6867.89
831,Brandise,Kentwell,Basic,854.8
832,Michale,Moorcroft,Concierge,4513.11
833,Jeniffer,Gatrill,Basic,9665.79
834,Karilynn,Hughs,Basic,8413.14
835,Wadsworth,Cuchey,Enhanced,1437.76
836,Gun,Sleightholm,Basic,8550.7
837,North,Warbys,Enhanced,1475.3
838,Niki,Maunder,Basic,625.26
839,Odey,Baptiste,Basic,3836.23
840,Rod,Dorn,Basic,3492.9
841,Clevie,Van de Vlies,Cancelled,9462.43
842,Rakel,Cornock,Basic,7776.27
843,Abel,Pardew,Basic,5508.18
844,Lilly,Ockleshaw,Ultimate,9063.88
845,Franzen,Doughill,Basic,9272.7
846,Ximenes,Renison,Enhanced,7982.98
847,Yale,Thames,Basic,9099.79
848,Erwin,Wilderspoon,Basic,3265.71
849,Garey,Patience,Basic,6585.44
850,Immanuel,McGooch,Basic,9607.83
851,Gerianne,Chislett,Cancelled,7133.54
852,Luisa,Rieme,Basic,6518.19
853,Gwenette,Demangel,Enhanced,1201.43
854,Evered,Churches,Concierge,2228.61
855,Vinny,Kunath,Cancelled,5152.69
856,Eduardo,Inkpen,Basic,9011.24
857,Quintin,Wilshin,Basic,9893.06
858,Demott,Letchford,Concierge,2713.61
859,Margareta,Beecham,Basic,2584.08
860,Trix,McKeown,Enhanced,218.31
861,Inez,Potteridge,Basic,1295.87
862,Gerrilee,Chevers,Cancelled,9954.89
863,Dorie,Nizet,Cancelled,3162.48
864,Anne-corinne,Innis,Enhanced,8341.48
865,Katya,Thorneley,Basic,1635.99
866,Sibel,Limpertz,Enhanced,1421.97
867,Kaile,Brickstock,Basic,1388.02
868,Rudiger,Gerritzen,Enhanced,1329.62
869,Hubert,Bolstridge,Enhanced,6171.44
870,Trista,Dinse,Basic,8417.79
871,Shirl,Aiers,Unknown,3777.95
872,Hana,Pettwood,Basic,1961.7
873,Jerri,Frisdick,Inactive,4541.84
874,Ammamaria,Jarrelt,Cancelled,6030.77
875,Haley,Derges,Basic,1708.72
876,Job,Woolsey,Basic,5308.28
877,Louisette,Cousin,Basic,1052.35
878,Fredia,Landman,Basic,2917.05
879,Dru,Meckiff,Basic,3626.47
880,Shae,Clifford,Ultimate,8116.12
881,Robin,Pergens,Inactive,3891.01
882,Moises,Toy,Enhanced,5767.8
883,Pavel,Bitterton,Enhanced,6249.78
884,Raynor,Wicken,Basic,5953.32
885,Germaine,Kalinke,Concierge,4243.11
886,Stewart,Molloy,Cancelled,9573.61
887,Cristal,Steffans,Basic,5656.52
888,Lane,Fuzzard,Enhanced,6776.92
889,Blanch,Postgate,Concierge,7900.7
890,Carlota,Detoc,Concierge,8783.49
891,Royall,Middlemist,Concierge,516.08
892,Elliot,Skitral,Basic,5329
893,Ernie,Wickson,Basic,5687.48
894,Kathrine,Della,Cancelled,266.95
895,Mabel,Hinkens,Basic,2578.45
896,Lyn,Klimkov,Enhanced,869.18
897,Glenden,Acom,Concierge,3910.04
898,Dacia,Catlin,Concierge,9076.46
899,Joela,Navarro,Enhanced,7652.66
900,Nonah,Cowe,Inactive,8330.28
901,Patton,Stair,Ultimate,8624.23
902,Bronson,Rutherforth,Basic,8566
903,Jania,Gilfoyle,Enhanced,4168.22
904,Deedee,Roberti,Enhanced,7667.07
905,Burlie,Hackey,Basic,5927.92
906,Sigmund,Davies,Enhanced,1296.31
907,Lynde,Dowle,Concierge,6558.51
908,Cornelia,McCook,Basic,1564.62
909,Hunt,O' Liddy,Unknown,5573.04
910,Mariana,Muscroft,Ultimate,5875.31
911,Bili,Kubelka,Basic,4709.85
912,Waldon,Stable,Enhanced,689.47
913,Tudor,Merrison,Basic,7149.72
914,Had,Dudmesh,Enhanced,6340.44
915,Charmane,Rudgard,Enhanced,4962.93
916,Deeyn,Jenoure,Basic,6228.41
917,Emelina,Wittey,Concierge,5001.02
918,Fredia,Pumfrey,Cancelled,707.63
919,Cory,Brumpton,Basic,9477
920,Yelena,Hoggan,Basic,7968.82
921,Iver,Creasey,Inactive,1392.31
922,Bradford,Duffell,Enhanced,3840.06
923,Son,Thursby,Basic,7727.25
924,Tynan,Alvy,Basic,1989.8
925,Gunner,Belloch,Ultimate,2251.69
926,Sylvester,Ratray,Enhanced,442.27
927,Darren,Rattry,Basic,1044.59
928,Paulette,Hinchshaw,Enhanced,4252.32
929,Eve,Nern,Basic,4084.94
930,Prue,Dencs,Basic,3076.01
931,Maynard,Duguid,Inactive,3744.51
932,Bertrando,Doud,Enhanced,9231.42
933,Janella,Scroggs,Cancelled,1951.44
934,Kevyn,Reinhardt,Enhanced,343.54
935,Milty,Crewe,Cancelled,2302.72
936,Bent,Ast,Basic,5875.8
937,Amos,Boardman,Inactive,9060.13
938,Henka,Webster,Cancelled,538.16
939,Hymie,Langrick,Inactive,963.35
940,Cordey,Ajsik,Basic,4737.61
941,Mozelle,Clamp,Basic,4891.68
942,Rosetta,Ansell,Basic,2765.19
943,Vince,Bourgaize,Enhanced,415.78
944,Cortney,Gerriets,Basic,4557.73
945,Millard,Broad,Enhanced,8003.31
946,Korey,Krabbe,Enhanced,2507.28
947,Rakel,Durnell,Cancelled,1697.13
948,Caressa,Kubicka,Basic,1113.94
949,Linette,Puttick,Basic,3440.12
950,Ozzie,Healks,Cancelled,602.94
951,Mead,Coady,Enhanced,5673.95
952,Magdalen,Cregin,Cancelled,7581.49
953,Kordula,Mortel,Enhanced,4933.97
954,Cynthy,Sunter,Cancelled,5437.41
955,Rosmunda,Dackombe,Basic,6603.41
956,Esdras,Goddard,Enhanced,2595.4
957,Dody,Wroe,Cancelled,1676.7
958,Lynnett,Glasper,Enhanced,866.18
959,Adelaida,Burras,Enhanced,6479.5
960,Margery,Oosthout de Vree,Cancelled,5134.61
961,Addia,Clarricoates,Basic,991.1
962,Boniface,Lazonby,Basic,9940.99
963,Siffre,Gadeaux,Enhanced,3125.97
964,Shawna,Cersey,Unknown,8402.86
965,Sergio,Wear,Concierge,4784.39
966,Lisle,Nawton,Basic,7869.3
967,Kelci,Kalinke,Ultimate,487.26
968,Aaren,Verden,Ultimate,8677.32
969,Verina,Klosser,Concierge,2957.73
970,Bebe,Gallyhaock,Basic,9239.14
971,Morna,Curragh,Enhanced,2949.52
972,Ciel,Scyone,Enhanced,7504.52
973,Dan,Hindge,Basic,6986.36
974,Uta,Crix,Cancelled,348.79
975,Scarface,Marling,Cancelled,4901.36
976,Clarice,Haggas,Cancelled,2197.94
977,Valentino,Duerden,Basic,7987.55
978,Odille,Kielt,Concierge,1887.01
979,Sharon,Yewman,Basic,5978.1
980,Damon,Gorman,Unknown,2964.97
981,Faina,Bootton,Basic,8072.13
982,Cordy,Dreger,Basic,444.08
983,Darby,Mounsie,Concierge,872.62
984,Adria,Girt,Basic,4923.56
985,Benoite,Hartington,Basic,775.36
986,Wayland,McMeekan,Basic,6108.07
987,Dulcie,Kidds,Inactive,2195.5
988,Florance,McCaster,Cancelled,9042.86
989,Jacquenetta,Gundry,Enhanced,6648.29
990,Arie,Lamcken,Enhanced,253.54
991,Rog,Joel,Basic,3664.28
992,Peggie,Linnock,Enhanced,4836.96
993,Eartha,Blincko,Basic,2738.14
994,Falito,Godsell,Basic,613.95
995,Inge,Kuhnhardt,Unknown,908.12
996,Ximenez,Winteringham,Basic,8779.67
997,Ertha,Nuzzti,Basic,6631.46
998,Rodge,Allenby,Concierge,2594.86
999,Seana,Wimmer,Enhanced,6185.69
1000,Northrop,Morigan,Cancelled,4202.46
